company_name,brand_name,siren,website,country,city,company_size,company_size_source,main_offer,target_clients,decision_maker,decision_maker_role,decision_maker_source,public_professional_email,public_phone,source_url,evidence_url,matching_status,commercial_signal,signal_source,signal_date,lead_gen_score,ghostwriting_score,confidence_score,verification_status,reasons,last_checked,notes
LACKY,LACKY,851953984,https://www.lacky.fr/,France,Marseille,0 salarié déclaré (Non employeur),INSEE / Annuaire des Entreprises,Non vérifié,Non vérifié,CEDRIC PHILIPPE KTORZA (KTORZA),Gérant,https://annuaire-entreprises.data.gouv.fr/entreprise/851953984,Non extrait (Option),+33 4 91 91 47 05,https://www.google.com/maps/place/LACKY/data=!4m7!3m6!1s0x12c9bf3f3345ef89:0xc97ae58d6ca34b94!8m2!3d43.2924347!4d5.4952993!16s%2Fg%2F11j4f1j7yq!19sChIJie9FMz-_yRIRlEujbI3lesk?authuser=0&hl=fr&g_ep=EgoyMDI2MDkyMy4wIJJjKgBIAVAD&rclk=1,https://annuaire-entreprises.data.gouv.fr/entreprise/851953984,MATCH_CONFIRMED,,,,0,0,0,DISQUALIFIED,Lead Gen (0/100) : Structure hors cible ICP 2-20 (Tranche 0 salarié déclaré (Non employeur)); GW (0/100) : Neutralisé (Option B : absence d'audit éditorial public LinkedIn); Confidence (0/100) : Structure disqualifiée (Preuve effectif: Tranche NN; Matching: MATCH_CONFIRMED),2026-09-27,"Matching SIRENE : MATCH_CONFIRMED (Identité, CP (13011) et NAF (62.01Z) confirmés) | SIREN : 851953984 | Tranche : 0 salarié déclaré (Non employeur)"
GODOT MARSEILLE,Création site internet Marseille - Agence Boosteo,947986048,https://boosteo-marseille.fr/,France,Marseille,6 à 9 salariés,INSEE / Annuaire des Entreprises,Création de sites Web & Référencement SEO,Non vérifié,Non identifié au registre,Inconnu,https://annuaire-entreprises.data.gouv.fr/entreprise/947986048,Non extrait (Option),+33 4 84 89 69 40,https://www.google.com/maps/place/Cr%C3%A9ation+site+internet+Marseille+-+Agence+Boosteo/data=!4m7!3m6!1s0x12aebbc6531eecdf:0x5903f89785b9a325!8m2!3d43.2841406!4d5.3843502!16s%2Fg%2F11spmn0t97!19sChIJ3-weU8a7rhIRJaO5hZf4A1k?authuser=0&hl=fr&g_ep=EgoyMDI2MDkyMy4wIJJjKgBIAVAD&rclk=1,https://annuaire-entreprises.data.gouv.fr/entreprise/947986048,MATCH_UNCERTAIN,,,,70,0,40,REQUIRES REVIEW,"Lead Gen (70/100) : Activité 30/30 ('Concepteur de sites Web'), Taille 25/25 (Tranche 03), Signal commercial 0/25 (aucun vérifié), Réputation 15/20 (18 avis certifiés); GW (0/100) : Neutralisé (Option B : absence d'audit éditorial public LinkedIn); Confidence (40/100) : Légal 5/35 (MATCH_UNCERTAIN), Effectif 30/30 (03), Site 20/20 (Site accessible (Boosteo Marseille - Agence web - Création de )), Canal 15/15 (+33 4 84 89 69 40)",2026-09-27,"Matching SIRENE : MATCH_UNCERTAIN (Rapprochement incertain (score 40/100, NAF 66.12Z)) | SIREN : 947986048 | Tranche : 6 à 9 salariés"
SIMPLEMENT,Simplement,881530265,https://simplement.me/,France,Marseille,1 ou 2 salariés,INSEE / Annuaire des Entreprises,Création et refonte de sites web,Non vérifié,JONATHAN COLNAT,Gérant,https://annuaire-entreprises.data.gouv.fr/entreprise/881530265,Non extrait (Option),+33 7 61 94 15 67,https://www.google.com/maps/place/Simplement/data=!4m7!3m6!1s0x12c9c0bfbde5e84d:0xf63ba29752090282!8m2!3d43.2983937!4d5.3743841!16s%2Fg%2F11h31z6h_5!19sChIJTejlvb_AyRIRggIJUpeiO_Y?authuser=0&hl=fr&g_ep=EgoyMDI2MDkyMy4wIJJjKgBIAVAD&rclk=1,https://annuaire-entreprises.data.gouv.fr/entreprise/881530265,MATCH_CONFIRMED,,,,68,0,95,VERIFIED,"Lead Gen (68/100) : Activité 30/30 ('Concepteur de sites Web'), Taille 18/25 (Tranche 01; co-dirigeants RCS), Signal commercial 0/25 (aucun vérifié), Réputation 20/20 (83 avis certifiés); GW (0/100) : Neutralisé (Option B : absence d'audit éditorial public LinkedIn); Confidence (95/100) : Légal 35/35 (MATCH_CONFIRMED), Effectif 25/30 (01), Site 20/20 (Site accessible (Agence Web Marseille – Sites pensés pour géné)), Canal 15/15 (+33 7 61 94 15 67)",2026-09-27,"Matching SIRENE : MATCH_CONFIRMED (Identité, CP (13001) et NAF (62.01Z) confirmés) | SIREN : 881530265 | Tranche : 1 ou 2 salariés"
LAURENT MATTEI,13 en Web,894583418,https://13enweb.fr/,France,Marseille,0 salarié déclaré (Non employeur),INSEE / Annuaire des Entreprises,Création E-commerce & Refonte Web,Non vérifié,LAURENT MATTEI,Dirigeant,https://annuaire-entreprises.data.gouv.fr/entreprise/894583418,Non extrait (Option),+33 6 33 55 91 44,https://www.google.com/maps/place/13+en+Web/data=!4m7!3m6!1s0x12c9bf5a7880d68d:0x282c37553d8720ce!8m2!3d43.232909!4d5.3582189!16s%2Fg%2F11q_1jr8x7!19sChIJjdaAeFq_yRIRziCHPVU3LCg?authuser=0&hl=fr&g_ep=EgoyMDI2MDkyMy4wIJJjKgBIAVAD&rclk=1,https://annuaire-entreprises.data.gouv.fr/entreprise/894583418,MATCH_PLAUSIBLE,,,,0,0,0,DISQUALIFIED,Lead Gen (0/100) : Structure hors cible ICP 2-20 (Tranche 0 salarié déclaré (Non employeur)); GW (0/100) : Neutralisé (Option B : absence d'audit éditorial public LinkedIn); Confidence (0/100) : Structure disqualifiée (Preuve effectif: Tranche NN; Matching: MATCH_PLAUSIBLE),2026-09-27,Matching SIRENE : MATCH_PLAUSIBLE (Raison sociale partiellement concordante et CP 13008 validé) | SIREN : 894583418 | Tranche : 0 salarié déclaré (Non employeur)
MyCréateurdeSite,MyCréateurdeSite,Non trouvé,https://www.mycreateurdesite.fr/,France,Marseille,Non identifié,Non vérifié,Création et refonte de sites web,Non vérifié,Non identifié au registre,Inconnu,https://www.mycreateurdesite.fr/,Non extrait (Option),+33 6 77 31 40 48,https://www.google.com/maps/place/MyCr%C3%A9ateurdeSite/data=!4m7!3m6!1s0x12c9c1404b0f18d7:0xe8c8ad5a165737!8m2!3d43.2894418!4d5.3678875!16s%2Fg%2F11c6c8xl0b!19sChIJ1xgPS0DByRIRN1cWWq3I6AA?authuser=0&hl=fr&g_ep=EgoyMDI2MDkyMy4wIJJjKgBIAVAD&rclk=1,https://www.mycreateurdesite.fr/,NO_MATCH,,,,50,0,40,REQUIRES REVIEW,"Lead Gen (50/100) : Activité 30/30 ('Concepteur de sites Web'), Taille 5/25 (Tranche None), Signal commercial 0/25 (aucun vérifié), Réputation 15/20 (17 avis certifiés); GW (0/100) : Neutralisé (Option B : absence d'audit éditorial public LinkedIn); Confidence (40/100) : Légal 0/35 (NO_MATCH), Effectif 5/30 (None), Site 20/20 (Site accessible (Création de sites internet Marseille - MyCréa)), Canal 15/15 (+33 6 77 31 40 48)",2026-09-27,Matching SIRENE : NO_MATCH (Aucun résultat retourné par le registre public) | SIREN : Non trouvé | Tranche : Non identifié
4BEEZ,4Beez,837559301,https://4beez.agency/,France,Paris,3 à 5 salariés,INSEE / Annuaire des Entreprises,Développement Web sur-mesure,Non vérifié,KARIM BELHADJ LARBI,Directeur Général,https://annuaire-entreprises.data.gouv.fr/entreprise/837559301,Non extrait (Option),+33 1 76 54 30 97,https://www.google.com/maps/place/4Beez/data=!4m7!3m6!1s0x47e66e49841aaaab:0xf642e1f6106c67c1!8m2!3d48.8788873!4d2.3298364!16s%2Fg%2F11hcfnbn83!19sChIJq6oahElu5kcRwWdsEPbhQvY?authuser=0&hl=fr&g_ep=EgoyMDI2MDkyMy4wIJJjKgBIAVAD&rclk=1,https://annuaire-entreprises.data.gouv.fr/entreprise/837559301,MATCH_CONFIRMED,,,,75,0,100,VERIFIED,"Lead Gen (75/100) : Activité 30/30 ('Concepteur de sites Web'), Taille 25/25 (Tranche 02), Signal commercial 0/25 (aucun vérifié), Réputation 20/20 (99 avis certifiés); GW (0/100) : Neutralisé (Option B : absence d'audit éditorial public LinkedIn); Confidence (100/100) : Légal 35/35 (MATCH_CONFIRMED), Effectif 30/30 (02), Site 20/20 (Site accessible (Agence digitale Paris | Branding, création de)), Canal 15/15 (+33 1 76 54 30 97)",2026-09-27,"Matching SIRENE : MATCH_CONFIRMED (Identité, CP (75009) et NAF (70.21Z) confirmés) | SIREN : 837559301 | Tranche : 3 à 5 salariés"
YOUDEMUS,Youdemus - Agence web Paris,790324628,https://www.youdemus.fr/?utm_source=google&utm_medium=gmb&utm_campaign=gmb_paris,France,Paris,6 à 9 salariés,INSEE / Annuaire des Entreprises,Création et refonte de sites web,Non vérifié,AXEL MICHEL BERNARD PARATRE,Gérant,https://annuaire-entreprises.data.gouv.fr/entreprise/790324628,Non extrait (Option),+33 1 84 17 26 34,https://www.google.com/maps/place/Youdemus+-+Agence+web+Paris/data=!4m7!3m6!1s0x47e66e5ac3d60c27:0xec649043dcd69567!8m2!3d48.8601826!4d2.3461149!16s%2Fg%2F1q6kk0z5w!19sChIJJwzWw1pu5kcRZ5XW3EOQZOw?authuser=0&hl=fr&g_ep=EgoyMDI2MDkyMy4wIJJjKgBIAVAD&rclk=1,https://annuaire-entreprises.data.gouv.fr/entreprise/790324628,MATCH_CONFIRMED,,,,75,0,100,VERIFIED,"Lead Gen (75/100) : Activité 30/30 ('Concepteur de sites Web'), Taille 25/25 (Tranche 03), Signal commercial 0/25 (aucun vérifié), Réputation 20/20 (54 avis certifiés); GW (0/100) : Neutralisé (Option B : absence d'audit éditorial public LinkedIn); Confidence (100/100) : Légal 35/35 (MATCH_CONFIRMED), Effectif 30/30 (03), Site 20/20 (Site accessible (Agence web Paris | Youdemus)), Canal 15/15 (+33 1 84 17 26 34)",2026-09-27,"Matching SIRENE : MATCH_CONFIRMED (Identité, CP (75001) et NAF (62.01Z) confirmés) | SIREN : 790324628 | Tranche : 6 à 9 salariés"
Agence Web Paris | 6LAB,Agence Web Paris | 6LAB,Non trouvé,https://www.agence-web-paris.com/,France,Paris,Non identifié,Non vérifié,Création de sites Web & Référencement SEO,Non vérifié,Non identifié au registre,Inconnu,https://www.agence-web-paris.com/,Non extrait (Option),+33 1 53 05 56 11,https://www.google.com/maps/place/Agence+Web+Paris+%7C+6LAB/data=!4m7!3m6!1s0x47e66e1873bf5c33:0x2d766579810b4fe3!8m2!3d48.8717923!4d2.3237511!16s%2Fg%2F1vfp2yr0!19sChIJM1y_cxhu5kcR408LgXlldi0?authuser=0&hl=fr&g_ep=EgoyMDI2MDkyMy4wIJJjKgBIAVAD&rclk=1,https://www.agence-web-paris.com/,NO_MATCH,,,,55,0,40,REQUIRES REVIEW,"Lead Gen (55/100) : Activité 30/30 ('Concepteur de sites Web'), Taille 5/25 (Tranche None), Signal commercial 0/25 (aucun vérifié), Réputation 20/20 (76 avis certifiés); GW (0/100) : Neutralisé (Option B : absence d'audit éditorial public LinkedIn); Confidence (40/100) : Légal 0/35 (NO_MATCH), Effectif 5/30 (None), Site 20/20 (Site accessible ()), Canal 15/15 (+33 1 53 05 56 11)",2026-09-27,Matching SIRENE : NO_MATCH (Aucune concordance territoriale ou entreprise inactive (CP attendu 75008)) | SIREN : Non trouvé | Tranche : Non identifié
Agence Web Paris - Bew Web Agency,Agence Web Paris - Bew Web Agency,Non trouvé,https://www.bew-web-agency.fr/,France,Paris,Non identifié,Non vérifié,Création de sites Web & Référencement SEO,Non vérifié,Non identifié au registre,Inconnu,https://www.bew-web-agency.fr/,Non extrait (Option),+33 1 84 60 68 39,https://www.google.com/maps/place/Agence+Web+Paris+-+Bew+Web+Agency/data=!4m7!3m6!1s0x47e66dea248df7fd:0x7e46482328d209ee!8m2!3d48.8738107!4d2.3856918!16s%2Fg%2F11_rxfcx6!19sChIJ_feNJOpt5kcR7gnSKCNIRn4?authuser=0&hl=fr&g_ep=EgoyMDI2MDkyMy4wIJJjKgBIAVAD&rclk=1,https://www.bew-web-agency.fr/,NO_MATCH,,,,55,0,40,REQUIRES REVIEW,"Lead Gen (55/100) : Activité 30/30 ('Concepteur de sites Web'), Taille 5/25 (Tranche None), Signal commercial 0/25 (aucun vérifié), Réputation 20/20 (47 avis certifiés); GW (0/100) : Neutralisé (Option B : absence d'audit éditorial public LinkedIn); Confidence (40/100) : Légal 0/35 (NO_MATCH), Effectif 5/30 (None), Site 20/20 (Site accessible (Agence Web Paris – Création de Sites &amp; Ex)), Canal 15/15 (+33 1 84 60 68 39)",2026-09-27,Matching SIRENE : NO_MATCH (Aucune concordance territoriale ou entreprise inactive (CP attendu 75020)) | SIREN : Non trouvé | Tranche : Non identifié
WeDezign,WeDezign,Non trouvé,https://www.wedezign.fr/,France,Paris,Non identifié,Non vérifié,Création de sites Web & Référencement SEO,Non vérifié,Non identifié au registre,Inconnu,https://www.wedezign.fr/,Non extrait (Option),+33 6 52 35 55 56,https://www.google.com/maps/place/WeDezign/data=!4m7!3m6!1s0x47e67fe1ffc0131f:0xb40f85ace0c2f94!8m2!3d48.8743432!4d2.3533906!16s%2Fg%2F11fkyx_d8l!19sChIJHxPA_-F_5kcRlC8Mzlr4QAs?authuser=0&hl=fr&g_ep=EgoyMDI2MDkyMy4wIJJjKgBIAVAD&rclk=1,https://www.wedezign.fr/,NO_MATCH,,,,55,0,40,REQUIRES REVIEW,"Lead Gen (55/100) : Activité 30/30 ('Concepteur de sites Web'), Taille 5/25 (Tranche None), Signal commercial 0/25 (aucun vérifié), Réputation 20/20 (49 avis certifiés); GW (0/100) : Neutralisé (Option B : absence d'audit éditorial public LinkedIn); Confidence (40/100) : Légal 0/35 (NO_MATCH), Effectif 5/30 (None), Site 20/20 (Site accessible (Agence Web Paris | WeDezign : Création de Sit)), Canal 15/15 (+33 6 52 35 55 56)",2026-09-27,Matching SIRENE : NO_MATCH (Aucune concordance territoriale ou entreprise inactive (CP attendu 75010)) | SIREN : Non trouvé | Tranche : Non identifié
EVOLYON (EVOLYON),Evolyon,823956289,https://www.evolyon.fr/,France,Lyon,1 ou 2 salariés,INSEE / Annuaire des Entreprises,Création et refonte de sites web,Non vérifié,FRÉDÉRIC JULIEN FRANCE,Directeur Général,https://annuaire-entreprises.data.gouv.fr/entreprise/823956289,Non extrait (Option),+33 4 37 57 38 97,https://www.google.com/maps/place/Evolyon/data=!4m7!3m6!1s0x47f4ea667b3d128f:0x65961891fa03e80a!8m2!3d45.7595141!4d4.8662442!16s%2Fg%2F11c38g6mn0!19sChIJjxI9e2bq9EcRCugD-pEYlmU?authuser=0&hl=fr&g_ep=EgoyMDI2MDkyMy4wIJJjKgBIAVAD&rclk=1,https://annuaire-entreprises.data.gouv.fr/entreprise/823956289,MATCH_CONFIRMED,,,,68,0,95,VERIFIED,"Lead Gen (68/100) : Activité 30/30 ('Concepteur de sites Web'), Taille 18/25 (Tranche 01; co-dirigeants RCS), Signal commercial 0/25 (aucun vérifié), Réputation 20/20 (88 avis certifiés); GW (0/100) : Neutralisé (Option B : absence d'audit éditorial public LinkedIn); Confidence (95/100) : Légal 35/35 (MATCH_CONFIRMED), Effectif 25/30 (01), Site 20/20 (Site accessible (Agence web Lyon | Evolyon)), Canal 15/15 (+33 4 37 57 38 97)",2026-09-27,"Matching SIRENE : MATCH_CONFIRMED (Identité, CP (69003) et NAF (62.01Z) confirmés) | SIREN : 823956289 | Tranche : 1 ou 2 salariés"
Weby Lab,Weby Lab,Non trouvé,http://webylab.fr/,France,Lyon,Non identifié,Non vérifié,Non vérifié,Non vérifié,Non identifié au registre,Inconnu,http://webylab.fr/,Non extrait (Option),+33 9 82 43 29 01,https://www.google.com/maps/place/Weby+Lab/data=!4m7!3m6!1s0x47f4c1ad0d7ffbad:0x1f7b0d4ee011e102!8m2!3d45.7681148!4d4.852053!16s%2Fg%2F11h0bq1rmf!19sChIJrft_Da3B9EcRAuER4E4Nex8?authuser=0&hl=fr&g_ep=EgoyMDI2MDkyMy4wIJJjKgBIAVAD&rclk=1,http://webylab.fr/,NO_MATCH,,,,55,0,20,REQUIRES REVIEW,"Lead Gen (55/100) : Activité 30/30 ('Concepteur de sites Web'), Taille 5/25 (Tranche None), Signal commercial 0/25 (aucun vérifié), Réputation 20/20 (89 avis certifiés); GW (0/100) : Neutralisé (Option B : absence d'audit éditorial public LinkedIn); Confidence (20/100) : Légal 0/35 (NO_MATCH), Effectif 5/30 (None), Site 0/20 (URL non HTTPS ou manquante), Canal 15/15 (+33 9 82 43 29 01)",2026-09-27,Matching SIRENE : NO_MATCH (Aucune concordance territoriale ou entreprise inactive (CP attendu 69006)) | SIREN : Non trouvé | Tranche : Non identifié | site inaccessible
"SW Agency, Agence Digitale | App Mobile 🚀 | Site internet 💻 | SEO 👨🏼‍💻 | E-commerce 🛍️ | Réseaux sociaux 📲 | Marketing 📈","SW Agency, Agence Digitale | App Mobile 🚀 | Site internet 💻 | SEO 👨🏼‍💻 | E-commerce 🛍️ | Réseaux sociaux 📲 | Marketing 📈",Non trouvé,https://www.sw-siteinternet.com/,France,Lyon,Non identifié,Non vérifié,Création E-commerce & Refonte Web,PME & TPE,Non identifié au registre,Inconnu,https://www.sw-siteinternet.com/,Non extrait (Option),+33 7 83 11 38 67,"https://www.google.com/maps/place/SW+Agency,+Agence+Digitale+%7C+App+Mobile+%F0%9F%9A%80+%7C+Site+internet+%F0%9F%92%BB+%7C+SEO+%F0%9F%91%A8%F0%9F%8F%BC%E2%80%8D%F0%9F%92%BB+%7C+E-commerce+%F0%9F%9B%8D%EF%B8%8F+%7C+R%C3%A9seaux+sociaux+%F0%9F%93%B2+%7C+Marketing+%F0%9F%93%88/data=!4m7!3m6!1s0x47f4ebde171f538b:0x6e2a944b5c9021c1!8m2!3d45.7420679!4d4.8521804!16s%2Fg%2F11h_fth2ps!19sChIJi1MfF97r9EcRwSGQXEuUKm4?authuser=0&hl=fr&g_ep=EgoyMDI2MDkyMy4wIJJjKgBIAVAD&rclk=1",https://www.sw-siteinternet.com/,NO_MATCH,,,,55,0,40,REQUIRES REVIEW,"Lead Gen (55/100) : Activité 30/30 ('Concepteur de sites Web'), Taille 5/25 (Tranche None), Signal commercial 0/25 (aucun vérifié), Réputation 20/20 (51 avis certifiés); GW (0/100) : Neutralisé (Option B : absence d'audit éditorial public LinkedIn); Confidence (40/100) : Légal 0/35 (NO_MATCH), Effectif 5/30 (None), Site 20/20 (Site accessible (SW Agency – Création de site internet, applic)), Canal 15/15 (+33 7 83 11 38 67)",2026-09-27,Matching SIRENE : NO_MATCH (Aucune concordance territoriale ou entreprise inactive (CP attendu 69007)) | SIREN : Non trouvé | Tranche : Non identifié
LOIC MUZET (WEBCORE),Webcore,878287721,https://agence-webcore.com/,France,Lyon,0 salarié déclaré (Non employeur),INSEE / Annuaire des Entreprises,Création et refonte de sites web,PME & TPE,LOIC JEAN-LUC MUZET,Dirigeant,https://annuaire-entreprises.data.gouv.fr/entreprise/878287721,Non extrait (Option),+33 7 56 86 00 94,https://www.google.com/maps/place/Webcore/data=!4m7!3m6!1s0x2256d7ac705cd7ed:0xf522f5f8af166ad5!8m2!3d45.7590014!4d4.8419132!16s%2Fg%2F11txptn8hx!19sChIJ7ddccKzXViIR1WoWr_j1IvU?authuser=0&hl=fr&g_ep=EgoyMDI2MDkyMy4wIJJjKgBIAVAD&rclk=1,https://annuaire-entreprises.data.gouv.fr/entreprise/878287721,MATCH_CONFIRMED,,,,0,0,0,DISQUALIFIED,Lead Gen (0/100) : Structure hors cible ICP 2-20 (Tranche 0 salarié déclaré (Non employeur)); GW (0/100) : Neutralisé (Option B : absence d'audit éditorial public LinkedIn); Confidence (0/100) : Structure disqualifiée (Preuve effectif: Tranche NN; Matching: MATCH_CONFIRMED),2026-09-27,"Matching SIRENE : MATCH_CONFIRMED (Identité, CP (69003) et NAF (63.12Z) confirmés) | SIREN : 878287721 | Tranche : 0 salarié déclaré (Non employeur)"
NET COMME WEB,Net comme Web,750061251,https://netcommeweb.fr/,France,Lyon,3 à 5 salariés,INSEE / Annuaire des Entreprises,Création de sites Web & Référencement SEO,Non vérifié,CECILE ROZIER (DISSER),Gérant,https://annuaire-entreprises.data.gouv.fr/entreprise/750061251,Non extrait (Option),+33 4 37 24 92 36,https://www.google.com/maps/place/Net+comme+Web/data=!4m7!3m6!1s0x47f4eaf7dc975b07:0x6ed0e5b46f6ef54a!8m2!3d45.7701156!4d4.8486018!16s%2Fg%2F11g_2pkjz!19sChIJB1uX3Pfq9EcRSvVub7Tl0G4?authuser=0&hl=fr&g_ep=EgoyMDI2MDkyMy4wIJJjKgBIAVAD&rclk=1,https://annuaire-entreprises.data.gouv.fr/entreprise/750061251,MATCH_CONFIRMED,,,,70,0,100,VERIFIED,"Lead Gen (70/100) : Activité 30/30 ('Concepteur de sites Web'), Taille 25/25 (Tranche 02), Signal commercial 0/25 (aucun vérifié), Réputation 15/20 (41 avis certifiés); GW (0/100) : Neutralisé (Option B : absence d'audit éditorial public LinkedIn); Confidence (100/100) : Légal 35/35 (MATCH_CONFIRMED), Effectif 30/30 (02), Site 20/20 (Site accessible (Agence Web Lyon – Sites WordPress, SEO &amp; )), Canal 15/15 (+33 4 37 24 92 36)",2026-09-27,"Matching SIRENE : MATCH_CONFIRMED (Identité, CP (69006) et NAF (62.01Z) confirmés) | SIREN : 750061251 | Tranche : 3 à 5 salariés"
MASHVP,MASHVP,815258066,https://mashvp.com/,France,Toulouse,6 à 9 salariés,INSEE / Annuaire des Entreprises,Non vérifié,Non vérifié,TONY LOUIS COME MARCELLO,Gérant,https://annuaire-entreprises.data.gouv.fr/entreprise/815258066,Non extrait (Option),+33 9 62 62 11 51,https://www.google.com/maps/place/MASHVP/data=!4m7!3m6!1s0x12aebc827624c533:0x5f8909f9f6cd8af6!8m2!3d43.5986807!4d1.4490316!16s%2Fg%2F1pxq8r0nx!19sChIJM8UkdoK8rhIR9orN9vkJiV8?authuser=0&hl=fr&g_ep=EgoyMDI2MDkyMy4wIJJjKgBIAVAD&rclk=1,https://annuaire-entreprises.data.gouv.fr/entreprise/815258066,MATCH_CONFIRMED,,,,75,0,100,VERIFIED,"Lead Gen (75/100) : Activité 30/30 ('Concepteur de sites Web'), Taille 25/25 (Tranche 03), Signal commercial 0/25 (aucun vérifié), Réputation 20/20 (51 avis certifiés); GW (0/100) : Neutralisé (Option B : absence d'audit éditorial public LinkedIn); Confidence (100/100) : Légal 35/35 (MATCH_CONFIRMED), Effectif 30/30 (03), Site 20/20 (Site accessible (French Digital Agency — Mashvp)), Canal 15/15 (+33 9 62 62 11 51)",2026-09-27,"Matching SIRENE : MATCH_CONFIRMED (Identité, CP (31000) et NAF (73.11Z) confirmés) | SIREN : 815258066 | Tranche : 6 à 9 salariés"
Agoralys,Agoralys,Non trouvé,https://www.agoralys.com/?utm_source=GMBlisting&utm_medium=organic&utm_campaign=gmb_site,France,Toulouse,Non identifié,Non vérifié,Création E-commerce & Refonte Web,PME & TPE,Non identifié au registre,Inconnu,https://www.agoralys.com/?utm_source=GMBlisting&utm_medium=organic&utm_campaign=gmb_site,Non extrait (Option),+33 5 61 50 54 04,https://www.google.com/maps/place/Agoralys/data=!4m7!3m6!1s0x12aebc981da10243:0x923a56b43829ffb4!8m2!3d43.60628!4d1.450083!16s%2Fg%2F11bbrkbrdb!19sChIJQwKhHZi8rhIRtP8pOLRWOpI?authuser=0&hl=fr&g_ep=EgoyMDI2MDkyMy4wIJJjKgBIAVAD&rclk=1,https://www.agoralys.com/?utm_source=GMBlisting&utm_medium=organic&utm_campaign=gmb_site,NO_MATCH,,,,55,0,40,REQUIRES REVIEW,"Lead Gen (55/100) : Activité 30/30 ('Concepteur de sites Web'), Taille 5/25 (Tranche None), Signal commercial 0/25 (aucun vérifié), Réputation 20/20 (59 avis certifiés); GW (0/100) : Neutralisé (Option B : absence d'audit éditorial public LinkedIn); Confidence (40/100) : Légal 0/35 (NO_MATCH), Effectif 5/30 (None), Site 20/20 (Site accessible (Agence Web et Marketing Digital à Toulouse | )), Canal 15/15 (+33 5 61 50 54 04)",2026-09-27,Matching SIRENE : NO_MATCH (Aucune concordance territoriale ou entreprise inactive (CP attendu 31000)) | SIREN : Non trouvé | Tranche : Non identifié
KWALT DIGITAL,KWALT DIGITAL,Non trouvé,https://kwalt-digital.com/agence-web-toulouse/,France,Toulouse,Non identifié,Non vérifié,Création et refonte de sites web,Non vérifié,Non identifié au registre,Inconnu,https://kwalt-digital.com/agence-web-toulouse/,Non extrait (Option),+33 6 11 32 23 05,https://www.google.com/maps/place/KWALT+DIGITAL/data=!4m7!3m6!1s0x12aebb5f4843c0e1:0xe5e1d00530830123!8m2!3d43.613411!4d1.44255!16s%2Fg%2F11b7wc5kw9!19sChIJ4cBDSF-7rhIRIwGDMAXQ4eU?authuser=0&hl=fr&g_ep=EgoyMDI2MDkyMy4wIJJjKgBIAVAD&rclk=1,https://kwalt-digital.com/agence-web-toulouse/,NO_MATCH,,,,55,0,40,REQUIRES REVIEW,"Lead Gen (55/100) : Activité 30/30 ('Concepteur de sites Web'), Taille 5/25 (Tranche None), Signal commercial 0/25 (aucun vérifié), Réputation 20/20 (66 avis certifiés); GW (0/100) : Neutralisé (Option B : absence d'audit éditorial public LinkedIn); Confidence (40/100) : Légal 0/35 (NO_MATCH), Effectif 5/30 (None), Site 20/20 (Site accessible (Agence web Toulouse - kwalt-digital.com)), Canal 15/15 (+33 6 11 32 23 05)",2026-09-27,Matching SIRENE : NO_MATCH (Aucun résultat retourné par le registre public) | SIREN : Non trouvé | Tranche : Non identifié
DCVO STUDIO,DCVO STUDIO,Non trouvé,https://dcvo.studio/,France,Toulouse,Non identifié,Non vérifié,Création et refonte de sites web,PME & TPE,Non identifié au registre,Inconnu,https://dcvo.studio/,Non extrait (Option),+33 6 45 04 99 47,https://www.google.com/maps/place/DCVO+STUDIO/data=!4m7!3m6!1s0x12aea61175d976a9:0x7b92b0ffdc08d5a8!8m2!3d43.6090936!4d1.4456023!16s%2Fg%2F11b6j71syz!19sChIJqXbZdRGmrhIRqNUI3P-wkns?authuser=0&hl=fr&g_ep=EgoyMDI2MDkyMy4wIJJjKgBIAVAD&rclk=1,https://dcvo.studio/,NO_MATCH,,,,55,0,40,REQUIRES REVIEW,"Lead Gen (55/100) : Activité 30/30 ('Concepteur de sites Web'), Taille 5/25 (Tranche None), Signal commercial 0/25 (aucun vérifié), Réputation 20/20 (24 avis certifiés); GW (0/100) : Neutralisé (Option B : absence d'audit éditorial public LinkedIn); Confidence (40/100) : Légal 0/35 (NO_MATCH), Effectif 5/30 (None), Site 20/20 (Site accessible (Agence web Toulouse, communication digitale -)), Canal 15/15 (+33 6 45 04 99 47)",2026-09-27,Matching SIRENE : NO_MATCH (Aucun résultat retourné par le registre public) | SIREN : Non trouvé | Tranche : Non identifié
Hdigiweb,Hdigiweb,Non trouvé,https://hdigiweb.com/,France,Toulouse,Non identifié,Non vérifié,Création et refonte de sites web,Non vérifié,Non identifié au registre,Inconnu,https://hdigiweb.com/,Non extrait (Option),+33 6 29 99 03 96,https://www.google.com/maps/place/Hdigiweb/data=!4m7!3m6!1s0x12aea3ef06864fa1:0x3b58a26e868d010a!8m2!3d43.6491276!4d1.447935!16s%2Fg%2F11w3kgfdd7!19sChIJoU-GBu-jrhIRCgGNhm6iWDs?authuser=0&hl=fr&g_ep=EgoyMDI2MDkyMy4wIJJjKgBIAVAD&rclk=1,https://hdigiweb.com/,NO_MATCH,,,,55,0,40,REQUIRES REVIEW,"Lead Gen (55/100) : Activité 30/30 ('Concepteur de sites Web'), Taille 5/25 (Tranche None), Signal commercial 0/25 (aucun vérifié), Réputation 20/20 (45 avis certifiés); GW (0/100) : Neutralisé (Option B : absence d'audit éditorial public LinkedIn); Confidence (40/100) : Légal 0/35 (NO_MATCH), Effectif 5/30 (None), Site 20/20 (Site accessible (Hdigiweb &#8211; Agence Web Toulouse)), Canal 15/15 (+33 6 29 99 03 96)",2026-09-27,Matching SIRENE : NO_MATCH (Aucun résultat retourné par le registre public) | SIREN : Non trouvé | Tranche : Non identifié
UNIWEB (UNIWEB),Uniweb - Agence Web Toulouse,841999121,https://www.uniweb-toulouse.fr/,France,Ramonville-Saint-Agne,3 à 5 salariés,INSEE / Annuaire des Entreprises,Création de sites Web & Référencement SEO,PME & TPE,PIERRE PRAT,Gérant,https://annuaire-entreprises.data.gouv.fr/entreprise/841999121,Non extrait (Option),+33 5 34 31 51 76,https://www.google.com/maps/place/Uniweb+-+Agence+Web+Toulouse/data=!4m7!3m6!1s0x12aebfac98127eb3:0xc58a7e713b047df4!8m2!3d43.5386787!4d1.4802261!16s%2Fg%2F11gmwhhnqf!19sChIJs34SmKy_rhIR9H0EO3F-isU?authuser=0&hl=fr&g_ep=EgoyMDI2MDkyMy4wIJJjKgBIAVAD&rclk=1,https://annuaire-entreprises.data.gouv.fr/entreprise/841999121,MATCH_CONFIRMED,,,,75,0,100,VERIFIED,"Lead Gen (75/100) : Activité 30/30 ('Concepteur de sites Web'), Taille 25/25 (Tranche 02), Signal commercial 0/25 (aucun vérifié), Réputation 20/20 (39 avis certifiés); GW (0/100) : Neutralisé (Option B : absence d'audit éditorial public LinkedIn); Confidence (100/100) : Légal 35/35 (MATCH_CONFIRMED), Effectif 30/30 (02), Site 20/20 (Site accessible (Agence Web Toulouse : Webmarketing, SEO &amp;)), Canal 15/15 (+33 5 34 31 51 76)",2026-09-27,"Matching SIRENE : MATCH_CONFIRMED (Identité, CP (31520) et NAF (62.01Z) confirmés) | SIREN : 841999121 | Tranche : 3 à 5 salariés"
WEB TRIBE STUDIO,Web Tribe Studio,888326048,https://webtribe-studio.com/,France,Bordeaux,1 ou 2 salariés,INSEE / Annuaire des Entreprises,Création de sites Web & Référencement SEO,Non vérifié,JEAN-PHILIPPE FRANC FILLIE,Président de SAS,https://annuaire-entreprises.data.gouv.fr/entreprise/888326048,Non extrait (Option),+33 7 72 38 27 81,https://www.google.com/maps/place/Web+Tribe+Studio/data=!4m7!3m6!1s0xd5527e79ba998f3:0xee0ca9c690de3c8a!8m2!3d44.8371629!4d-0.5770085!16s%2Fg%2F11bbt69c7j!19sChIJ85ipm-cnVQ0RijzekMapDO4?authuser=0&hl=fr&g_ep=EgoyMDI2MDkyMy4wIJJjKgBIAVAD&rclk=1,https://annuaire-entreprises.data.gouv.fr/entreprise/888326048,MATCH_CONFIRMED,,,,68,0,95,VERIFIED,"Lead Gen (68/100) : Activité 30/30 ('Concepteur de sites Web'), Taille 18/25 (Tranche 01; co-dirigeants RCS), Signal commercial 0/25 (aucun vérifié), Réputation 20/20 (58 avis certifiés); GW (0/100) : Neutralisé (Option B : absence d'audit éditorial public LinkedIn); Confidence (95/100) : Légal 35/35 (MATCH_CONFIRMED), Effectif 25/30 (01), Site 20/20 (Site accessible (Agence création site web Bordeaux seo Web Tri)), Canal 15/15 (+33 7 72 38 27 81)",2026-09-27,"Matching SIRENE : MATCH_CONFIRMED (Identité, CP (33000) et NAF (70.21Z) confirmés) | SIREN : 888326048 | Tranche : 1 ou 2 salariés"
Appalga,Appalga,Non trouvé,https://www.appalga.com/,France,Bordeaux,Non identifié,Non vérifié,Création de sites Web & Référencement SEO,Non vérifié,Non identifié au registre,Inconnu,https://www.appalga.com/,Non extrait (Option),+33 5 57 61 36 72,https://www.google.com/maps/place/Appalga/data=!4m7!3m6!1s0xd55262b5e6ae1ef:0xd901448a1a5ddee3!8m2!3d44.84308!4d-0.5775793!16s%2Fg%2F11c6w05mjh!19sChIJ7-FqXismVQ0R495dGopEAdk?authuser=0&hl=fr&g_ep=EgoyMDI2MDkyMy4wIJJjKgBIAVAD&rclk=1,https://www.appalga.com/,NO_MATCH,,,,55,0,40,REQUIRES REVIEW,"Lead Gen (55/100) : Activité 30/30 ('Concepteur de sites Web'), Taille 5/25 (Tranche None), Signal commercial 0/25 (aucun vérifié), Réputation 20/20 (43 avis certifiés); GW (0/100) : Neutralisé (Option B : absence d'audit éditorial public LinkedIn); Confidence (40/100) : Légal 0/35 (NO_MATCH), Effectif 5/30 (None), Site 20/20 (Site accessible (Agence web Bordeaux | Création site internet )), Canal 15/15 (+33 5 57 61 36 72)",2026-09-27,Matching SIRENE : NO_MATCH (Aucune concordance territoriale ou entreprise inactive (CP attendu 33000)) | SIREN : Non trouvé | Tranche : Non identifié
IDECLAP,Ideclap,850203555,https://ideclap.fr/,France,Bordeaux,1 ou 2 salariés,INSEE / Annuaire des Entreprises,Création de sites Web & Référencement SEO,PME & TPE,VANESSA VIVET,Gérant,https://annuaire-entreprises.data.gouv.fr/entreprise/850203555,Non extrait (Option),+33 7 60 58 59 40,https://www.google.com/maps/place/Ideclap/data=!4m7!3m6!1s0xd5527711b450a45:0xf5df44bcd3558be7!8m2!3d44.8436996!4d-0.5872412!16s%2Fg%2F11fjxdx6w3!19sChIJRQpFG3EnVQ0R54tV07xE3_U?authuser=0&hl=fr&g_ep=EgoyMDI2MDkyMy4wIJJjKgBIAVAD&rclk=1,https://annuaire-entreprises.data.gouv.fr/entreprise/850203555,MATCH_UNCERTAIN,,,,60,0,40,REQUIRES REVIEW,"Lead Gen (60/100) : Activité 30/30 ('Concepteur de sites Web'), Taille 10/25 (Tranche 01), Signal commercial 0/25 (aucun vérifié), Réputation 20/20 (76 avis certifiés); GW (0/100) : Neutralisé (Option B : absence d'audit éditorial public LinkedIn); Confidence (40/100) : Légal 5/35 (MATCH_UNCERTAIN), Effectif 15/30 (01), Site 20/20 (Site accessible (Agence web éco-conception, SEO et GEO à Borde)), Canal 15/15 (+33 7 60 58 59 40)",2026-09-27,"Matching SIRENE : MATCH_UNCERTAIN (Rapprochement incertain (score 90/100, NAF 70.22Z)) | SIREN : 850203555 | Tranche : 1 ou 2 salariés"
idéveloppement,idéveloppement,Non trouvé,http://www.ideveloppement.fr/,France,Bordeaux,Non identifié,Non vérifié,Non vérifié,Non vérifié,Non identifié au registre,Inconnu,http://www.ideveloppement.fr/,Non extrait (Option),+33 5 57 78 35 43,https://www.google.com/maps/place/id%C3%A9veloppement/data=!4m7!3m6!1s0xd5529bc67dcd417:0xb2b64f27b1a9bffb!8m2!3d44.8501787!4d-0.574393!16s%2Fg%2F11hf1h68gb!19sChIJF9TcZ7wpVQ0R-7-psSdPtrI?authuser=0&hl=fr&g_ep=EgoyMDI2MDkyMy4wIJJjKgBIAVAD&rclk=1,http://www.ideveloppement.fr/,NO_MATCH,,,,55,0,20,REQUIRES REVIEW,"Lead Gen (55/100) : Activité 30/30 ('Concepteur de sites Web'), Taille 5/25 (Tranche None), Signal commercial 0/25 (aucun vérifié), Réputation 20/20 (49 avis certifiés); GW (0/100) : Neutralisé (Option B : absence d'audit éditorial public LinkedIn); Confidence (20/100) : Légal 0/35 (NO_MATCH), Effectif 5/30 (None), Site 0/20 (URL non HTTPS ou manquante), Canal 15/15 (+33 5 57 78 35 43)",2026-09-27,Matching SIRENE : NO_MATCH (Aucune concordance territoriale ou entreprise inactive (CP attendu 33000)) | SIREN : Non trouvé | Tranche : Non identifié | site inaccessible
RAISE-UP BUSINESS (KWANTIC),KWANTIC,838234441,https://kwantic.fr/,France,Bordeaux,3 à 5 salariés,INSEE / Annuaire des Entreprises,Création et refonte de sites web,Non vérifié,Non identifié au registre,Inconnu,https://annuaire-entreprises.data.gouv.fr/entreprise/838234441,Non extrait (Option),+33 9 70 70 86 70,https://www.google.com/maps/place/KWANTIC/data=!4m7!3m6!1s0xd5527d9284bffff:0xede811348a3afa41!8m2!3d44.8304827!4d-0.5694801!16s%2Fg%2F11hcw78f3g!19sChIJ__9LKNknVQ0RQfo6ijQR6O0?authuser=0&hl=fr&g_ep=EgoyMDI2MDkyMy4wIJJjKgBIAVAD&rclk=1,https://annuaire-entreprises.data.gouv.fr/entreprise/838234441,MATCH_CONFIRMED,,,,75,0,60,PARTIALLY VERIFIED,"Lead Gen (75/100) : Activité 30/30 ('Concepteur de sites Web'), Taille 25/25 (Tranche 02), Signal commercial 0/25 (aucun vérifié), Réputation 20/20 (32 avis certifiés); GW (0/100) : Neutralisé (Option B : absence d'audit éditorial public LinkedIn); Confidence (60/100) : Légal 35/35 (MATCH_CONFIRMED), Effectif 30/30 (02), Site 20/20 (Site accessible (Agence développement web – ERP/CRM – Applicat)), Canal 15/15 (+33 9 70 70 86 70)",2026-09-27,"Matching SIRENE : MATCH_CONFIRMED (Identité, CP (33000) et NAF (62.01Z) confirmés) | SIREN : 838234441 | Tranche : 3 à 5 salariés"
AN. WEB STUDIO,Web Studio,908817737,https://web-studio.fr/,France,Nantes,0 salarié déclaré (Non employeur),INSEE / Annuaire des Entreprises,Création E-commerce & Refonte Web,Non vérifié,ALEXANDRE PHILIPPE NEVEU,Gérant,https://annuaire-entreprises.data.gouv.fr/entreprise/908817737,Non extrait (Option),+33 6 81 36 74 04,https://www.google.com/maps/place/Web+Studio/data=!4m7!3m6!1s0x4805edb8bac39c6f:0x3b1e3a8037b29454!8m2!3d47.2150741!4d-1.5608226!16s%2Fg%2F11vy2ch0d6!19sChIJb5zDurjtBUgRVJSyN4A6Hjs?authuser=0&hl=fr&g_ep=EgoyMDI2MDkyMy4wIJJjKgBIAVAD&rclk=1,https://annuaire-entreprises.data.gouv.fr/entreprise/908817737,MATCH_CONFIRMED,,,,0,0,0,DISQUALIFIED,Lead Gen (0/100) : Structure hors cible ICP 2-20 (Tranche 0 salarié déclaré (Non employeur)); GW (0/100) : Neutralisé (Option B : absence d'audit éditorial public LinkedIn); Confidence (0/100) : Structure disqualifiée (Preuve effectif: Tranche NN; Matching: MATCH_CONFIRMED),2026-09-27,"Matching SIRENE : MATCH_CONFIRMED (Identité, CP (44000) et NAF (62.01Z) confirmés) | SIREN : 908817737 | Tranche : 0 salarié déclaré (Non employeur)"
COMMUNE DE NANTES,Agence web Fair,214401093,https://www.fair-agenceweb.fr/,France,Nantes,Code INSEE 52,INSEE / Annuaire des Entreprises,Création de sites Web & Référencement SEO,Non vérifié,Non identifié au registre,Inconnu,https://annuaire-entreprises.data.gouv.fr/entreprise/214401093,Non extrait (Option),+33 2 85 52 84 04,https://www.google.com/maps/place/Agence+web+Fair/data=!4m7!3m6!1s0x4805ec05b74ef349:0xc910114106cb9e82!8m2!3d47.2100649!4d-1.5701545!16s%2Fg%2F124yhx7l0!19sChIJSfNOtwXsBUgRgp7LBkEREMk?authuser=0&hl=fr&g_ep=EgoyMDI2MDkyMy4wIJJjKgBIAVAD&rclk=1,https://annuaire-entreprises.data.gouv.fr/entreprise/214401093,MATCH_UNCERTAIN,,,,0,0,0,DISQUALIFIED,Lead Gen (0/100) : Structure hors cible ICP 2-20 (Tranche Code INSEE 52); GW (0/100) : Neutralisé (Option B : absence d'audit éditorial public LinkedIn); Confidence (0/100) : Structure disqualifiée (Preuve effectif: Tranche 52; Matching: MATCH_UNCERTAIN),2026-09-27,"Matching SIRENE : MATCH_UNCERTAIN (Rapprochement incertain (score 40/100, NAF 84.11Z)) | SIREN : 214401093 | Tranche : Code INSEE 52"
LATELIER,LATELIER,Non trouvé,https://www.latelier-conceptionweb.com/,France,Nantes,Non identifié,Non vérifié,Création et refonte de sites web,Non vérifié,Non identifié au registre,Inconnu,https://www.latelier-conceptionweb.com/,Non extrait (Option),+33 2 79 65 46 18,https://www.google.com/maps/place/LATELIER/data=!4m7!3m6!1s0x4805934c98b85dc1:0xd43e5dad9f45e2ce!8m2!3d47.2184896!4d-1.5575582!16s%2Fg%2F1ptwtjfnn!19sChIJwV24mEyTBUgRzuJFn61dPtQ?authuser=0&hl=fr&g_ep=EgoyMDI2MDkyMy4wIJJjKgBIAVAD&rclk=1,https://www.latelier-conceptionweb.com/,NO_MATCH,,,,55,0,40,REQUIRES REVIEW,"Lead Gen (55/100) : Activité 30/30 ('Concepteur de sites Web'), Taille 5/25 (Tranche None), Signal commercial 0/25 (aucun vérifié), Réputation 20/20 (49 avis certifiés); GW (0/100) : Neutralisé (Option B : absence d'audit éditorial public LinkedIn); Confidence (40/100) : Légal 0/35 (NO_MATCH), Effectif 5/30 (None), Site 20/20 (Site accessible (Agence web Nantes &#8211; Création sites inte)), Canal 15/15 (+33 2 79 65 46 18)",2026-09-27,Matching SIRENE : NO_MATCH (Aucune concordance territoriale ou entreprise inactive (CP attendu 44000)) | SIREN : Non trouvé | Tranche : Non identifié
AE2 (AE2 AGENCE WEB),AE2 agence web,494283989,https://www.ae2agence.com/,France,Nantes,10 à 19 salariés,INSEE / Annuaire des Entreprises,Création E-commerce & Refonte Web,Non vérifié,YANN BRUNEAU,Président de SAS,https://annuaire-entreprises.data.gouv.fr/entreprise/494283989,Non extrait (Option),+33 9 52 55 84 03,https://www.google.com/maps/place/AE2+agence+web/data=!4m7!3m6!1s0x4805efafd44df2bb:0xae0e9bbfcfa16412!8m2!3d47.2485974!4d-1.4940414!16s%2Fg%2F11css676j3!19sChIJu_JN1K_vBUgREmShz7-bDq4?authuser=0&hl=fr&g_ep=EgoyMDI2MDkyMy4wIJJjKgBIAVAD&rclk=1,https://annuaire-entreprises.data.gouv.fr/entreprise/494283989,MATCH_CONFIRMED,,,,70,0,100,VERIFIED,"Lead Gen (70/100) : Activité 30/30 ('Concepteur de sites Web'), Taille 20/25 (Tranche 11), Signal commercial 0/25 (aucun vérifié), Réputation 20/20 (61 avis certifiés); GW (0/100) : Neutralisé (Option B : absence d'audit éditorial public LinkedIn); Confidence (100/100) : Légal 35/35 (MATCH_CONFIRMED), Effectif 30/30 (11), Site 20/20 (Site accessible (Agence web à Nantes – AE2 Agence de création )), Canal 15/15 (+33 9 52 55 84 03)",2026-09-27,"Matching SIRENE : MATCH_CONFIRMED (Identité, CP (44300) et NAF (70.21Z) confirmés) | SIREN : 494283989 | Tranche : 10 à 19 salariés"
