title,category,website,phone,address,city,review_rating,review_count,google_maps_url,fit_score,confidence_score,reasons,status
LACKY,Concepteur de sites Web,https://www.lacky.fr/,+33 4 91 91 47 05,"67 Mnt de Saint-Menet, 13011 Marseille, France",Marseille,4.900000,66,https://www.google.com/maps/place/LACKY/data=!4m7!3m6!1s0x12c9bf3f3345ef89:0xc97ae58d6ca34b94!8m2!3d43.2924347!4d5.4952993!16s%2Fg%2F11j4f1j7yq!19sChIJie9FMz-_yRIRlEujbI3lesk?authuser=0&hl=fr&g_ep=EgoyMDI2MDkyMy4wIJJjKgBIAVAD&rclk=1,100,100,Catégorie web design | Excellente note (4.9) | Taille estimée PME (66 avis) | Données complètes | France confirmée,À vérifier
Création site internet Marseille - Agence Boosteo,Concepteur de sites Web,https://boosteo-marseille.fr/,+33 4 84 89 69 40,"24 Av. du Prado, 13006 Marseille, France",Marseille,5.000000,18,https://www.google.com/maps/place/Cr%C3%A9ation+site+internet+Marseille+-+Agence+Boosteo/data=!4m7!3m6!1s0x12aebbc6531eecdf:0x5903f89785b9a325!8m2!3d43.2841406!4d5.3843502!16s%2Fg%2F11spmn0t97!19sChIJ3-weU8a7rhIRJaO5hZf4A1k?authuser=0&hl=fr&g_ep=EgoyMDI2MDkyMy4wIJJjKgBIAVAD&rclk=1,100,100,Catégorie web design | Excellente note (5.0) | Taille estimée PME (18 avis) | Données complètes | France confirmée,À vérifier
Simplement,Concepteur de sites Web,https://simplement.me/,+33 7 61 94 15 67,"2 Rue Henri Barbusse, 13001 Marseille, France",Marseille,5.000000,83,https://www.google.com/maps/place/Simplement/data=!4m7!3m6!1s0x12c9c0bfbde5e84d:0xf63ba29752090282!8m2!3d43.2983937!4d5.3743841!16s%2Fg%2F11h31z6h_5!19sChIJTejlvb_AyRIRggIJUpeiO_Y?authuser=0&hl=fr&g_ep=EgoyMDI2MDkyMy4wIJJjKgBIAVAD&rclk=1,100,100,Catégorie web design | Excellente note (5.0) | Taille estimée PME (83 avis) | Données complètes | France confirmée,À vérifier
13 en Web,Concepteur de sites Web,https://13enweb.fr/,+33 6 33 55 91 44,"4 Trav. de la Marbrerie, 13008 Marseille, France",Marseille,5.000000,20,https://www.google.com/maps/place/13+en+Web/data=!4m7!3m6!1s0x12c9bf5a7880d68d:0x282c37553d8720ce!8m2!3d43.232909!4d5.3582189!16s%2Fg%2F11q_1jr8x7!19sChIJjdaAeFq_yRIRziCHPVU3LCg?authuser=0&hl=fr&g_ep=EgoyMDI2MDkyMy4wIJJjKgBIAVAD&rclk=1,100,100,Catégorie web design | Excellente note (5.0) | Taille estimée PME (20 avis) | Données complètes | France confirmée,À vérifier
MyCréateurdeSite,Concepteur de sites Web,https://www.mycreateurdesite.fr/,+33 6 77 31 40 48,"22 Rue des Lices, 13007 Marseille, France",Marseille,4.800000,17,https://www.google.com/maps/place/MyCr%C3%A9ateurdeSite/data=!4m7!3m6!1s0x12c9c1404b0f18d7:0xe8c8ad5a165737!8m2!3d43.2894418!4d5.3678875!16s%2Fg%2F11c6c8xl0b!19sChIJ1xgPS0DByRIRN1cWWq3I6AA?authuser=0&hl=fr&g_ep=EgoyMDI2MDkyMy4wIJJjKgBIAVAD&rclk=1,100,100,Catégorie web design | Excellente note (4.8) | Taille estimée PME (17 avis) | Données complètes | France confirmée,À vérifier
4Beez,Concepteur de sites Web,https://4beez.agency/,+33 1 76 54 30 97,"24 Rue de Clichy, 75009 Paris, France",Paris,4.900000,99,https://www.google.com/maps/place/4Beez/data=!4m7!3m6!1s0x47e66e49841aaaab:0xf642e1f6106c67c1!8m2!3d48.8788873!4d2.3298364!16s%2Fg%2F11hcfnbn83!19sChIJq6oahElu5kcRwWdsEPbhQvY?authuser=0&hl=fr&g_ep=EgoyMDI2MDkyMy4wIJJjKgBIAVAD&rclk=1,100,100,Catégorie web design | Excellente note (4.9) | Taille estimée PME (99 avis) | Données complètes | France confirmée,À vérifier
Youdemus - Agence web Paris,Concepteur de sites Web,https://www.youdemus.fr/?utm_source=google&utm_medium=gmb&utm_campaign=gmb_paris,+33 1 84 17 26 34,"15 Rue des Halles, 75001 Paris, France",Paris,5.000000,54,https://www.google.com/maps/place/Youdemus+-+Agence+web+Paris/data=!4m7!3m6!1s0x47e66e5ac3d60c27:0xec649043dcd69567!8m2!3d48.8601826!4d2.3461149!16s%2Fg%2F1q6kk0z5w!19sChIJJwzWw1pu5kcRZ5XW3EOQZOw?authuser=0&hl=fr&g_ep=EgoyMDI2MDkyMy4wIJJjKgBIAVAD&rclk=1,100,100,Catégorie web design | Excellente note (5.0) | Taille estimée PME (54 avis) | Données complètes | France confirmée,À vérifier
Agence Web Paris | 6LAB,Concepteur de sites Web,https://www.agence-web-paris.com/,+33 1 53 05 56 11,"16 Rue de l'Arcade, 75008 Paris, France",Paris,4.900000,76,https://www.google.com/maps/place/Agence+Web+Paris+%7C+6LAB/data=!4m7!3m6!1s0x47e66e1873bf5c33:0x2d766579810b4fe3!8m2!3d48.8717923!4d2.3237511!16s%2Fg%2F1vfp2yr0!19sChIJM1y_cxhu5kcR408LgXlldi0?authuser=0&hl=fr&g_ep=EgoyMDI2MDkyMy4wIJJjKgBIAVAD&rclk=1,100,100,Catégorie web design | Excellente note (4.9) | Taille estimée PME (76 avis) | Données complètes | France confirmée,À vérifier
Agence Web Paris - Bew Web Agency,Concepteur de sites Web,https://www.bew-web-agency.fr/,+33 1 84 60 68 39,"401 Rue des Pyrénées, 75020 Paris, France",Paris,5.000000,47,https://www.google.com/maps/place/Agence+Web+Paris+-+Bew+Web+Agency/data=!4m7!3m6!1s0x47e66dea248df7fd:0x7e46482328d209ee!8m2!3d48.8738107!4d2.3856918!16s%2Fg%2F11_rxfcx6!19sChIJ_feNJOpt5kcR7gnSKCNIRn4?authuser=0&hl=fr&g_ep=EgoyMDI2MDkyMy4wIJJjKgBIAVAD&rclk=1,100,100,Catégorie web design | Excellente note (5.0) | Taille estimée PME (47 avis) | Données complètes | France confirmée,À vérifier
WeDezign,Concepteur de sites Web,https://www.wedezign.fr/,+33 6 52 35 55 56,"12 Rue Martel, 75010 Paris, France",Paris,5.000000,49,https://www.google.com/maps/place/WeDezign/data=!4m7!3m6!1s0x47e67fe1ffc0131f:0xb40f85ace0c2f94!8m2!3d48.8743432!4d2.3533906!16s%2Fg%2F11fkyx_d8l!19sChIJHxPA_-F_5kcRlC8Mzlr4QAs?authuser=0&hl=fr&g_ep=EgoyMDI2MDkyMy4wIJJjKgBIAVAD&rclk=1,100,100,Catégorie web design | Excellente note (5.0) | Taille estimée PME (49 avis) | Données complètes | France confirmée,À vérifier
Evolyon,Concepteur de sites Web,https://www.evolyon.fr/,+33 4 37 57 38 97,"53 Rue Etienne Richerand, 69003 Lyon, France",Lyon,5.000000,88,https://www.google.com/maps/place/Evolyon/data=!4m7!3m6!1s0x47f4ea667b3d128f:0x65961891fa03e80a!8m2!3d45.7595141!4d4.8662442!16s%2Fg%2F11c38g6mn0!19sChIJjxI9e2bq9EcRCugD-pEYlmU?authuser=0&hl=fr&g_ep=EgoyMDI2MDkyMy4wIJJjKgBIAVAD&rclk=1,100,100,Catégorie web design | Excellente note (5.0) | Taille estimée PME (88 avis) | Données complètes | France confirmée,À vérifier
Weby Lab,Concepteur de sites Web,http://webylab.fr/,+33 9 82 43 29 01,"59 Rue Bossuet, 69006 Lyon, France",Lyon,4.800000,89,https://www.google.com/maps/place/Weby+Lab/data=!4m7!3m6!1s0x47f4c1ad0d7ffbad:0x1f7b0d4ee011e102!8m2!3d45.7681148!4d4.852053!16s%2Fg%2F11h0bq1rmf!19sChIJrft_Da3B9EcRAuER4E4Nex8?authuser=0&hl=fr&g_ep=EgoyMDI2MDkyMy4wIJJjKgBIAVAD&rclk=1,100,100,Catégorie web design | Excellente note (4.8) | Taille estimée PME (89 avis) | Données complètes | France confirmée,À vérifier
"SW Agency, Agence Digitale | App Mobile 🚀 | Site internet 💻 | SEO 👨🏼‍💻 | E-commerce 🛍️ | Réseaux sociaux 📲 | Marketing 📈",Concepteur de sites Web,https://www.sw-siteinternet.com/,+33 7 83 11 38 67,"169 Av. Berthelot, 69007 Lyon, France",Lyon,4.800000,51,"https://www.google.com/maps/place/SW+Agency,+Agence+Digitale+%7C+App+Mobile+%F0%9F%9A%80+%7C+Site+internet+%F0%9F%92%BB+%7C+SEO+%F0%9F%91%A8%F0%9F%8F%BC%E2%80%8D%F0%9F%92%BB+%7C+E-commerce+%F0%9F%9B%8D%EF%B8%8F+%7C+R%C3%A9seaux+sociaux+%F0%9F%93%B2+%7C+Marketing+%F0%9F%93%88/data=!4m7!3m6!1s0x47f4ebde171f538b:0x6e2a944b5c9021c1!8m2!3d45.7420679!4d4.8521804!16s%2Fg%2F11h_fth2ps!19sChIJi1MfF97r9EcRwSGQXEuUKm4?authuser=0&hl=fr&g_ep=EgoyMDI2MDkyMy4wIJJjKgBIAVAD&rclk=1",100,100,Catégorie web design | Excellente note (4.8) | Taille estimée PME (51 avis) | Données complètes | France confirmée,À vérifier
Webcore,Concepteur de sites Web,https://agence-webcore.com/,+33 7 56 86 00 94,"12 Rue de la Part-Dieu, 69003 Lyon, France",Lyon,5.000000,22,https://www.google.com/maps/place/Webcore/data=!4m7!3m6!1s0x2256d7ac705cd7ed:0xf522f5f8af166ad5!8m2!3d45.7590014!4d4.8419132!16s%2Fg%2F11txptn8hx!19sChIJ7ddccKzXViIR1WoWr_j1IvU?authuser=0&hl=fr&g_ep=EgoyMDI2MDkyMy4wIJJjKgBIAVAD&rclk=1,100,100,Catégorie web design | Excellente note (5.0) | Taille estimée PME (22 avis) | Données complètes | France confirmée,À vérifier
Net comme Web,Concepteur de sites Web,https://netcommeweb.fr/,+33 4 37 24 92 36,"47 Rue Tronchet, 69006 Lyon, France",Lyon,4.500000,41,https://www.google.com/maps/place/Net+comme+Web/data=!4m7!3m6!1s0x47f4eaf7dc975b07:0x6ed0e5b46f6ef54a!8m2!3d45.7701156!4d4.8486018!16s%2Fg%2F11g_2pkjz!19sChIJB1uX3Pfq9EcRSvVub7Tl0G4?authuser=0&hl=fr&g_ep=EgoyMDI2MDkyMy4wIJJjKgBIAVAD&rclk=1,100,100,Catégorie web design | Excellente note (4.5) | Taille estimée PME (41 avis) | Données complètes | France confirmée,À vérifier
MASHVP,Concepteur de sites Web,https://mashvp.com/,+33 9 62 62 11 51,"2 Rue Pierre de Fermat, 31000 Toulouse, France",Toulouse,4.900000,51,https://www.google.com/maps/place/MASHVP/data=!4m7!3m6!1s0x12aebc827624c533:0x5f8909f9f6cd8af6!8m2!3d43.5986807!4d1.4490316!16s%2Fg%2F1pxq8r0nx!19sChIJM8UkdoK8rhIR9orN9vkJiV8?authuser=0&hl=fr&g_ep=EgoyMDI2MDkyMy4wIJJjKgBIAVAD&rclk=1,100,100,Catégorie web design | Excellente note (4.9) | Taille estimée PME (51 avis) | Données complètes | France confirmée,À vérifier
Agoralys,Concepteur de sites Web,https://www.agoralys.com/?utm_source=GMBlisting&utm_medium=organic&utm_campaign=gmb_site,+33 5 61 50 54 04,"32 All. Jean Jaurès, 31000 Toulouse, France",Toulouse,4.900000,59,https://www.google.com/maps/place/Agoralys/data=!4m7!3m6!1s0x12aebc981da10243:0x923a56b43829ffb4!8m2!3d43.60628!4d1.450083!16s%2Fg%2F11bbrkbrdb!19sChIJQwKhHZi8rhIRtP8pOLRWOpI?authuser=0&hl=fr&g_ep=EgoyMDI2MDkyMy4wIJJjKgBIAVAD&rclk=1,100,100,Catégorie web design | Excellente note (4.9) | Taille estimée PME (59 avis) | Données complètes | France confirmée,À vérifier
KWALT DIGITAL,Concepteur de sites Web,https://kwalt-digital.com/agence-web-toulouse/,+33 6 11 32 23 05,"15 Rue Saint-Hilaire, 31000 Toulouse, France",Toulouse,5.000000,66,https://www.google.com/maps/place/KWALT+DIGITAL/data=!4m7!3m6!1s0x12aebb5f4843c0e1:0xe5e1d00530830123!8m2!3d43.613411!4d1.44255!16s%2Fg%2F11b7wc5kw9!19sChIJ4cBDSF-7rhIRIwGDMAXQ4eU?authuser=0&hl=fr&g_ep=EgoyMDI2MDkyMy4wIJJjKgBIAVAD&rclk=1,100,100,Catégorie web design | Excellente note (5.0) | Taille estimée PME (66 avis) | Données complètes | France confirmée,À vérifier
DCVO STUDIO,Concepteur de sites Web,https://dcvo.studio/,+33 6 45 04 99 47,"44 Bd de Strasbourg, 31000 Toulouse, France",Toulouse,5.000000,24,https://www.google.com/maps/place/DCVO+STUDIO/data=!4m7!3m6!1s0x12aea61175d976a9:0x7b92b0ffdc08d5a8!8m2!3d43.6090936!4d1.4456023!16s%2Fg%2F11b6j71syz!19sChIJqXbZdRGmrhIRqNUI3P-wkns?authuser=0&hl=fr&g_ep=EgoyMDI2MDkyMy4wIJJjKgBIAVAD&rclk=1,100,100,Catégorie web design | Excellente note (5.0) | Taille estimée PME (24 avis) | Données complètes | France confirmée,À vérifier
Hdigiweb,Concepteur de sites Web,https://hdigiweb.com/,+33 6 29 99 03 96,"19 Rue des Fougères, 31200 Toulouse, France",Toulouse,5.000000,45,https://www.google.com/maps/place/Hdigiweb/data=!4m7!3m6!1s0x12aea3ef06864fa1:0x3b58a26e868d010a!8m2!3d43.6491276!4d1.447935!16s%2Fg%2F11w3kgfdd7!19sChIJoU-GBu-jrhIRCgGNhm6iWDs?authuser=0&hl=fr&g_ep=EgoyMDI2MDkyMy4wIJJjKgBIAVAD&rclk=1,100,100,Catégorie web design | Excellente note (5.0) | Taille estimée PME (45 avis) | Données complètes | France confirmée,À vérifier
Uniweb - Agence Web Toulouse,Concepteur de sites Web,https://www.uniweb-toulouse.fr/,+33 5 34 31 51 76,"121 b Av. Tolosane, 31520 Ramonville-Saint-Agne, France",Autre,4.900000,39,https://www.google.com/maps/place/Uniweb+-+Agence+Web+Toulouse/data=!4m7!3m6!1s0x12aebfac98127eb3:0xc58a7e713b047df4!8m2!3d43.5386787!4d1.4802261!16s%2Fg%2F11gmwhhnqf!19sChIJs34SmKy_rhIR9H0EO3F-isU?authuser=0&hl=fr&g_ep=EgoyMDI2MDkyMy4wIJJjKgBIAVAD&rclk=1,100,100,Catégorie web design | Excellente note (4.9) | Taille estimée PME (39 avis) | Données complètes | France confirmée,À vérifier
Web Tribe Studio,Concepteur de sites Web,https://webtribe-studio.com/,+33 7 72 38 27 81,"30 Pl. Pey Berland, 33000 Bordeaux, France",Bordeaux,5.000000,58,https://www.google.com/maps/place/Web+Tribe+Studio/data=!4m7!3m6!1s0xd5527e79ba998f3:0xee0ca9c690de3c8a!8m2!3d44.8371629!4d-0.5770085!16s%2Fg%2F11bbt69c7j!19sChIJ85ipm-cnVQ0RijzekMapDO4?authuser=0&hl=fr&g_ep=EgoyMDI2MDkyMy4wIJJjKgBIAVAD&rclk=1,100,100,Catégorie web design | Excellente note (5.0) | Taille estimée PME (58 avis) | Données complètes | France confirmée,À vérifier
Appalga,Concepteur de sites Web,https://www.appalga.com/,+33 5 57 61 36 72,"Pl. des Grands Hommes, 33000 Bordeaux, France",Bordeaux,5.000000,43,https://www.google.com/maps/place/Appalga/data=!4m7!3m6!1s0xd55262b5e6ae1ef:0xd901448a1a5ddee3!8m2!3d44.84308!4d-0.5775793!16s%2Fg%2F11c6w05mjh!19sChIJ7-FqXismVQ0R495dGopEAdk?authuser=0&hl=fr&g_ep=EgoyMDI2MDkyMy4wIJJjKgBIAVAD&rclk=1,100,100,Catégorie web design | Excellente note (5.0) | Taille estimée PME (43 avis) | Données complètes | France confirmée,À vérifier
Ideclap,Concepteur de sites Web,https://ideclap.fr/,+33 7 60 58 59 40,"20 Rue Capdeville, 33000 Bordeaux, France",Bordeaux,5.000000,76,https://www.google.com/maps/place/Ideclap/data=!4m7!3m6!1s0xd5527711b450a45:0xf5df44bcd3558be7!8m2!3d44.8436996!4d-0.5872412!16s%2Fg%2F11fjxdx6w3!19sChIJRQpFG3EnVQ0R54tV07xE3_U?authuser=0&hl=fr&g_ep=EgoyMDI2MDkyMy4wIJJjKgBIAVAD&rclk=1,100,100,Catégorie web design | Excellente note (5.0) | Taille estimée PME (76 avis) | Données complètes | France confirmée,À vérifier
idéveloppement,Concepteur de sites Web,http://www.ideveloppement.fr/,+33 5 57 78 35 43,"90 Cr de Verdun, 33000 Bordeaux, France",Bordeaux,5.000000,49,https://www.google.com/maps/place/id%C3%A9veloppement/data=!4m7!3m6!1s0xd5529bc67dcd417:0xb2b64f27b1a9bffb!8m2!3d44.8501787!4d-0.574393!16s%2Fg%2F11hf1h68gb!19sChIJF9TcZ7wpVQ0R-7-psSdPtrI?authuser=0&hl=fr&g_ep=EgoyMDI2MDkyMy4wIJJjKgBIAVAD&rclk=1,100,100,Catégorie web design | Excellente note (5.0) | Taille estimée PME (49 avis) | Données complètes | France confirmée,À vérifier
KWANTIC,Concepteur de sites Web,https://kwantic.fr/,+33 9 70 70 86 70,"11 Rue Garat, 33000 Bordeaux, France",Bordeaux,4.800000,32,https://www.google.com/maps/place/KWANTIC/data=!4m7!3m6!1s0xd5527d9284bffff:0xede811348a3afa41!8m2!3d44.8304827!4d-0.5694801!16s%2Fg%2F11hcw78f3g!19sChIJ__9LKNknVQ0RQfo6ijQR6O0?authuser=0&hl=fr&g_ep=EgoyMDI2MDkyMy4wIJJjKgBIAVAD&rclk=1,100,100,Catégorie web design | Excellente note (4.8) | Taille estimée PME (32 avis) | Données complètes | France confirmée,À vérifier
Web Studio,Concepteur de sites Web,https://web-studio.fr/,+33 6 81 36 74 04,"9 Rue Boileau, 44000 Nantes, France",Nantes,5.000000,56,https://www.google.com/maps/place/Web+Studio/data=!4m7!3m6!1s0x4805edb8bac39c6f:0x3b1e3a8037b29454!8m2!3d47.2150741!4d-1.5608226!16s%2Fg%2F11vy2ch0d6!19sChIJb5zDurjtBUgRVJSyN4A6Hjs?authuser=0&hl=fr&g_ep=EgoyMDI2MDkyMy4wIJJjKgBIAVAD&rclk=1,100,100,Catégorie web design | Excellente note (5.0) | Taille estimée PME (56 avis) | Données complètes | France confirmée,À vérifier
Agence web Fair,Concepteur de sites Web,https://www.fair-agenceweb.fr/,+33 2 85 52 84 04,"19 Rue Dobree, 44100 Nantes, France",Nantes,4.900000,59,https://www.google.com/maps/place/Agence+web+Fair/data=!4m7!3m6!1s0x4805ec05b74ef349:0xc910114106cb9e82!8m2!3d47.2100649!4d-1.5701545!16s%2Fg%2F124yhx7l0!19sChIJSfNOtwXsBUgRgp7LBkEREMk?authuser=0&hl=fr&g_ep=EgoyMDI2MDkyMy4wIJJjKgBIAVAD&rclk=1,100,100,Catégorie web design | Excellente note (4.9) | Taille estimée PME (59 avis) | Données complètes | France confirmée,À vérifier
LATELIER,Concepteur de sites Web,https://www.latelier-conceptionweb.com/,+33 2 79 65 46 18,"2 Rue Didienne, 44000 Nantes, France",Nantes,4.800000,49,https://www.google.com/maps/place/LATELIER/data=!4m7!3m6!1s0x4805934c98b85dc1:0xd43e5dad9f45e2ce!8m2!3d47.2184896!4d-1.5575582!16s%2Fg%2F1ptwtjfnn!19sChIJwV24mEyTBUgRzuJFn61dPtQ?authuser=0&hl=fr&g_ep=EgoyMDI2MDkyMy4wIJJjKgBIAVAD&rclk=1,100,100,Catégorie web design | Excellente note (4.8) | Taille estimée PME (49 avis) | Données complètes | France confirmée,À vérifier
AE2 agence web,Concepteur de sites Web,https://www.ae2agence.com/,+33 9 52 55 84 03,"2 All. des Vieux Tilleuls, 44300 Nantes, France",Nantes,5.000000,61,https://www.google.com/maps/place/AE2+agence+web/data=!4m7!3m6!1s0x4805efafd44df2bb:0xae0e9bbfcfa16412!8m2!3d47.2485974!4d-1.4940414!16s%2Fg%2F11css676j3!19sChIJu_JN1K_vBUgREmShz7-bDq4?authuser=0&hl=fr&g_ep=EgoyMDI2MDkyMy4wIJJjKgBIAVAD&rclk=1,100,100,Catégorie web design | Excellente note (5.0) | Taille estimée PME (61 avis) | Données complètes | France confirmée,À vérifier
